region_name,prob,sum
South & Central Asia,0.411764705882353,40357.758338
South America,0.405701754385965,7310.99524700001
North of Sahara,0.4,3836.311206
South of Sahara,0.399291497975709,116590.841192
Far East Asia,0.312280701754386,12873.816606
Middle East,0.302631578947368,119315.594454
Europe,0.279352226720648,13685.667948
Oceania,0.267543859649123,1223.0581
Caribbean & Central America,0.262183235867446,9402.262979
